Organization,Website,City,Country
Adelaide Kannada Sangha,https://kannada.com.au/,Adelaide,Australia
Austin Kannada Sangha,https://www.austinkannadasangha.org,Austin,United States
Chicago Kannada Sangha,https://www.chicagokannadasangha.org/,Chicago,United States
Dallas/Fort Worth Kannada Mallige Sangha,N/A,Dallas,United States
Federation of Karnataka Associations in North America,https://www.fokana.org/,New York,United States
Hemmeya Dubai Kannada Sangha,N/A,Dubai,United Arab Emirates
Houston Kannada Vrinda,https://www.kannadavrinda.org/,Houston,United States
Illinois Kannada Kuta Vidyaranya Chapter,N/A,Chicago,United States
KAVERI,http://www.kaverionline.org/,Washington DC,United States
Kannada Association of Bahrain,https://www.kannadaassociationbahrain.com/,Manama,Bahrain
Kannada Balaga UK,https://instagram.com/kannadabalagauk,London,United Kingdom
Kannada Koota New York Inc.,N/A,New York,United States
Kannada Koota of Northern California,https://kknc.org/,San Francisco,United States
Kannada Koota of Singapore,https://www.kannadakoota.org.sg/,Singapore,Singapore
Kannada Sangha Bahrain,http://www.kannadasanghabahrain.com,Manama,Bahrain
Kannada Sangha Los Angeles,N/A,Los Angeles,United States
Kannada Sangha Ottawa,https://www.kannadasanghaottawa.ca,Ottawa,Canada
Kannada Sangha Singapore,https://singara.org,Singapore,Singapore
Kannada Sangha Toronto,https://kannadasanghatoronto.org,Toronto,Canada
Kannada Sangha of Arizona,https://www.kannadasanghaofarizona.org/,Phoenix,United States
Kannada Sangha of Australia,https://www.kannadasanghaaustralia.com.au/,Sydney,Australia
Kannada Sangha of Dubai,https://www.kannadasanghadubai.com/,Dubai,United Arab Emirates
Kannada Sangha of Muscat,https://www.kannadasanghamuscat.com/,Muscat,Oman
Kannada Sangha of Qatar,https://www.kannadasanghaqatar.org/,Doha,Qatar
Kannada Sangha of Silicon Valley,https://www.kannadasanghasv.org/,San Jose,United States
Kannadigaru UK,https://www.kannadigaruuk.com,London,United Kingdom
KannadigaruUK,https://www.kannadigaruuk.com/,London,United Kingdom
Karnataka Cultural Association of Southern California,N/A,Los Angeles,United States
Karnataka Cultural Organization – Brindavana,https://brindavana.org,Randolph,United States
Karnataka Sangha Dubai,https://instagram.com/karnatakasanghadubai,Dubai,United Arab Emirates
Kaveri Kannada Association,https://www.kaverionline.org,"Washington, D.C.",United States
Kuwait Kannada Koota,http://www.kuwaitkannadakoota.org,Kuwait City,Kuwait
London Kannada Association,https://www.londonkannada.org.uk/,London,United Kingdom
Malaysia Kannada Sangha,https://instagram.com/makasa.kannada,Kuala Lumpur,Malaysia
Mallige Kannada Association of North Texas,https://www.mallige.org,Coppell,United States
Milana Kannada Koota (Wisconsin),https://www.milanaonline.org,Milwaukee,United States
Minnesota Sangeetha Kannada Koota,https://www.kannadamn.org,Minneapolis,United States
Nashville Kannada Koota,https://www.nashvillekannadakoota.org,Nashville,United States
New England Kannada Koota,N/A,Boston,United States
New York Kannada Association,https://nykannada.org/,New York,United States
New York Kannada Koota,https://www.kkny.org,New York,United States
New Zealand Kannada Koota,https://nzkk.org,Auckland,New Zealand
Nrupathunga Kannada Koota,N/A,Atlanta,United States
Pampa Kannada Koota,https://mipampa.org/,Detroit,United States
Pampa Kannada Koota (Michigan),https://mipampa.org,Detroit,United States
Rhein Main Kannada Association e.V,http://rheinmainkannadasangha.org,Frankfurt,Germany
Richmond Kannada Sangha,https://www.richmond-kannadasangha.org,Richmond,United States
Sahyadri Kannada Sangha,https://skswa.org,Seattle,United States
Sampige – Triangle Kannada Association,https://sampigekannadabalaga.org,Apex,United States
Sangama,N/A,St. Louis,United States
Sydney Kannada Sangha,https://facebook.com/sydneykannada.sangha.1,Sydney,Australia
Triveni,N/A,Philadelphia,United States
Twin Cities Kannada Koota,N/A,Minneapolis,United States
