kannada,english,category,kanglish,icon,waudio,,,,,,
ಕರಡಿ,bear,Animals,karadi,https://upcdn.io/kW15bgo/raw/learnkannada/images/bear.png,https://upcdn.io/kW15bgo/raw/learnkannada/audio/bear.wav,,,,,,
ಪಕ್ಷಿ,bird,Animals,pakshi,https://upcdn.io/kW15bgo/raw/learnkannada/images/bird.png,https://upcdn.io/kW15bgo/raw/learnkannada/audio/bird.wav,,,,,,
ಚಿಟ್ಟೆ,butterfly,Animals,chitte,https://upcdn.io/kW15bgo/raw/learnkannada/images/butterfly.png,https://upcdn.io/kW15bgo/raw/learnkannada/audio/butterfly.wav,,,,,,
ಬೆಕ್ಕು,cat,Animals,bekku,https://upcdn.io/kW15bgo/raw/learnkannada/images/cat.png,https://upcdn.io/kW15bgo/raw/learnkannada/audio/cat.wav,,,,,,
ಕೋಳಿ,hen,Animals,koli,https://upcdn.io/kW15bgo/raw/learnkannada/images/hen.png,https://upcdn.io/kW15bgo/raw/learnkannada/audio/hen.wav,,,,,,
ಹಸು,cow,Animals,hasu,https://upcdn.io/kW15bgo/raw/learnkannada/images/cow.png,https://upcdn.io/kW15bgo/raw/learnkannada/audio/cow.wav,,,,,,
ಮೊಸಳೆ,crocodile,Animals,mosale,https://upcdn.io/kW15bgo/raw/learnkannada/images/crocodile.png,https://upcdn.io/kW15bgo/raw/learnkannada/audio/crocodile.wav,,,,,,
ಜಿಂಕೆ,deer,Animals,jinke,https://upcdn.io/kW15bgo/raw/learnkannada/images/deer.png,https://upcdn.io/kW15bgo/raw/learnkannada/audio/deer.wav,,,,,,
ನಾಯಿ,dog,Animals,naayi,https://upcdn.io/kW15bgo/raw/learnkannada/images/dog.png,https://upcdn.io/kW15bgo/raw/learnkannada/audio/dog.wav,,,,,,
ಬಾತುಕೋಳಿ,duck,Animals,baatukoli,https://upcdn.io/kW15bgo/raw/learnkannada/images/duck.png,https://upcdn.io/kW15bgo/raw/learnkannada/audio/duck.wav,,,,,,
ಆನೆ,elephant,Animals,aane,https://upcdn.io/kW15bgo/raw/learnkannada/images/elephant.png,https://upcdn.io/kW15bgo/raw/learnkannada/audio/elephant.wav,,,,,,
ನರಿ,fox,Animals,nari,https://upcdn.io/kW15bgo/raw/learnkannada/images/fox.png,https://upcdn.io/kW15bgo/raw/learnkannada/audio/fox.wav,,,,,,
ಕಪ್ಪೆ,frog,Animals,kappe,https://upcdn.io/kW15bgo/raw/learnkannada/images/frog.png,https://upcdn.io/kW15bgo/raw/learnkannada/audio/frog.wav,,,,,,
ಮೇಕೆ,goat,Animals,meke,https://upcdn.io/kW15bgo/raw/learnkannada/images/goat.png,https://upcdn.io/kW15bgo/raw/learnkannada/audio/goat.wav,,,,,,
ನೀರಾನೆ,hippopotamus,Animals,neerane,https://upcdn.io/kW15bgo/raw/learnkannada/images/hippopotamus.png,https://upcdn.io/kW15bgo/raw/learnkannada/audio/hippopotamus.wav,,,,,,
ಕುದುರೆ,horse,Animals,kudure,https://upcdn.io/kW15bgo/raw/learnkannada/images/horse.png,https://upcdn.io/kW15bgo/raw/learnkannada/audio/horse.wav,,,,,,
ಕತ್ತೆ,donkey,Animals,katthe,https://upcdn.io/kW15bgo/raw/learnkannada/images/donkey.png,https://upcdn.io/kW15bgo/raw/learnkannada/audio/donkey.wav,,,,,,
ಚಿರತೆ,leopard,Animals,chirate,https://upcdn.io/kW15bgo/raw/learnkannada/images/leopard.png,https://upcdn.io/kW15bgo/raw/learnkannada/audio/leopard.wav,,,,,,
ಸಿಂಹ,lion,Animals,simha,https://upcdn.io/kW15bgo/raw/learnkannada/images/lion.png,https://upcdn.io/kW15bgo/raw/learnkannada/audio/lion.wav,,,,,,
ಕೋತಿ,monkey,Animals,kothi,https://upcdn.io/kW15bgo/raw/learnkannada/images/monkey.png,https://upcdn.io/kW15bgo/raw/learnkannada/audio/monkey.wav,,,,,,
ಹಂದಿ,pig,Animals,handi,https://upcdn.io/kW15bgo/raw/learnkannada/images/pig.png,https://upcdn.io/kW15bgo/raw/learnkannada/audio/pig.wav,,,,,,
ನಾಯಿಮರಿ,puppy,Animals,naayimari,https://upcdn.io/kW15bgo/raw/learnkannada/images/puppy.png,https://upcdn.io/kW15bgo/raw/learnkannada/audio/puppy.wav,,,,,,
ಮೊಲ,rabbit,Animals,mola,https://upcdn.io/kW15bgo/raw/learnkannada/images/rabbit.png,https://upcdn.io/kW15bgo/raw/learnkannada/audio/rabbit.wav,,,,,,
ಘೇಂಡಾಮೃಗ,rhino,Animals,gendamruga,https://upcdn.io/kW15bgo/raw/learnkannada/images/rhino.png,https://upcdn.io/kW15bgo/raw/learnkannada/audio/rhino.wav,,,,,,
ಹುಂಜ,rooster,Animals,hunja,https://upcdn.io/kW15bgo/raw/learnkannada/images/rooster.png,https://upcdn.io/kW15bgo/raw/learnkannada/audio/rooster.wav,,,,,,
ತಿಮಿಂಗಿಲ,shark,Animals,timingila,https://upcdn.io/kW15bgo/raw/learnkannada/images/shark.png,https://upcdn.io/kW15bgo/raw/learnkannada/audio/shark.wav,,,,,,
ಕುರಿ,sheep,Animals,kuri,https://upcdn.io/kW15bgo/raw/learnkannada/images/sheep.png,https://upcdn.io/kW15bgo/raw/learnkannada/audio/sheep.wav,,,,,,
ಹುಲಿ,tiger,Animals,huli,https://upcdn.io/kW15bgo/raw/learnkannada/images/tiger.png,https://upcdn.io/kW15bgo/raw/learnkannada/audio/tiger.wav,,,,,,
ಆಮೆ,tortoise,Animals,aame,https://upcdn.io/kW15bgo/raw/learnkannada/images/tortoise.png,https://upcdn.io/kW15bgo/raw/learnkannada/audio/tortoise.wav,,,,,,
ಕಾಗೆ,crow,Animals,kaage,https://upcdn.io/kW15bgo/raw/learnkannada/images/crow.png,https://upcdn.io/kW15bgo/raw/learnkannada/audio/crow.wav,,,,,,
ನವಿಲು,peacock,Animals,navilu,https://upcdn.io/kW15bgo/raw/learnkannada/images/peacock.png,https://upcdn.io/kW15bgo/raw/learnkannada/audio/peacock.wav,,,,,,
ವಿಮಾನ,aeroplane,Items,vimaana,https://upcdn.io/kW15bgo/raw/learnkannada/images/aeroplane.png,https://upcdn.io/kW15bgo/raw/learnkannada/audio/aeroplane.wav,,,,,,
ಹಡಗು,ship,Items,hadagu,https://upcdn.io/kW15bgo/raw/learnkannada/images/ship.png,https://upcdn.io/kW15bgo/raw/learnkannada/audio/ship.wav,,,,,,
ದೋಣಿ,boat,Items,doni,https://upcdn.io/kW15bgo/raw/learnkannada/images/boat.png,https://upcdn.io/kW15bgo/raw/learnkannada/audio/boat.wav,,,,,,
ಚೆಂಡು,ball,Items,chendu,https://upcdn.io/kW15bgo/raw/learnkannada/images/ball.png,https://upcdn.io/kW15bgo/raw/learnkannada/audio/ball.wav,,,,,,
ಕನ್ನಡಕ,spectacles,Items,kannadaka,https://upcdn.io/kW15bgo/raw/learnkannada/images/spectacles.png,https://upcdn.io/kW15bgo/raw/learnkannada/audio/spectacles.wav,,,,,,
ಮೇಣದಬತ್ತಿ,candle,Items,menadabatti,https://upcdn.io/kW15bgo/raw/learnkannada/images/candle.png,https://upcdn.io/kW15bgo/raw/learnkannada/audio/candle.wav,,,,,,
ಬಟ್ಟೆ,clothes,Items,batte,https://upcdn.io/kW15bgo/raw/learnkannada/images/clothes.png,https://upcdn.io/kW15bgo/raw/learnkannada/audio/clothes.wav,,,,,,
ಹೂವು,flower,Items,huuvu,https://upcdn.io/kW15bgo/raw/learnkannada/images/flower.png,https://upcdn.io/kW15bgo/raw/learnkannada/audio/flower.wav,,,,,,
ಚಮಚ,spoon,Items,chamacha,https://upcdn.io/kW15bgo/raw/learnkannada/images/spoon.png,https://upcdn.io/kW15bgo/raw/learnkannada/audio/spoon.wav,,,,,,
ಬೀಗ,lock,Items,beega,https://upcdn.io/kW15bgo/raw/learnkannada/images/lock.png,https://upcdn.io/kW15bgo/raw/learnkannada/audio/lock.wav,,,,,,
ಕತ್ತರಿ,scissor,Items,kattari,https://upcdn.io/kW15bgo/raw/learnkannada/images/scissor.png,https://upcdn.io/kW15bgo/raw/learnkannada/audio/scissor.wav,,,,,,
ಕಪ್ಪೆಚಿಪ್ಪು,seashell,Items,kappechippu,https://upcdn.io/kW15bgo/raw/learnkannada/images/seashell.png,https://upcdn.io/kW15bgo/raw/learnkannada/audio/seashell.wav,,,,,,
ಮರ,tree,Items,mara,https://upcdn.io/kW15bgo/raw/learnkannada/images/tree.png,https://upcdn.io/kW15bgo/raw/learnkannada/audio/tree.wav,,,,,,
ಮನೆ,house,Items,mane,https://upcdn.io/kW15bgo/raw/learnkannada/images/house.png,https://upcdn.io/kW15bgo/raw/learnkannada/audio/house.wav,,,,,,
ಕಿಟಕಿ,window,Items,kitaki,https://upcdn.io/kW15bgo/raw/learnkannada/images/window.png,https://upcdn.io/kW15bgo/raw/learnkannada/audio/window.wav,,,,,,
ಬಾಗಿಲು,door,Items,baagilu,https://upcdn.io/kW15bgo/raw/learnkannada/images/door.png,https://upcdn.io/kW15bgo/raw/learnkannada/audio/door.wav,,,,,,
ಪುಸ್ತಕ,book,Items,pustaka,https://upcdn.io/kW15bgo/raw/learnkannada/images/book.png,https://upcdn.io/kW15bgo/raw/learnkannada/audio/book.wav,,,,,,
ಕುರ್ಚಿ,chair,Items,kurchi,https://upcdn.io/kW15bgo/raw/learnkannada/images/chair.png,https://upcdn.io/kW15bgo/raw/learnkannada/audio/chair.wav,,,,,,
ಮೇಜು,table,Items,meju,https://upcdn.io/kW15bgo/raw/learnkannada/images/table.png,https://upcdn.io/kW15bgo/raw/learnkannada/audio/table.wav,,,,,,
ಗಡಿಯಾರ,clock,Items,gadiyaara,https://upcdn.io/kW15bgo/raw/learnkannada/images/clock.png,https://upcdn.io/kW15bgo/raw/learnkannada/audio/clock.wav,,,,,,
ಲೋಟ,cup,Items,lota,https://upcdn.io/kW15bgo/raw/learnkannada/images/cup.png,https://upcdn.io/kW15bgo/raw/learnkannada/audio/cup.wav,,,,,,
ತಟ್ಟೆ,plate,Items,tatte,https://upcdn.io/kW15bgo/raw/learnkannada/images/plate.png,https://upcdn.io/kW15bgo/raw/learnkannada/audio/plate.wav,,,,,,
ಚೊಂಬು,jug,Items,chombu,https://upcdn.io/kW15bgo/raw/learnkannada/images/jug.png,https://upcdn.io/kW15bgo/raw/learnkannada/audio/jug.wav,,,,,,
ಕೆಂಪು,red,Colors,kempu,https://upcdn.io/kW15bgo/raw/learnkannada/images/red.png,https://upcdn.io/kW15bgo/raw/learnkannada/audio/red.wav,,,,,,
ಹಸಿರು,green,Colors,hasiru,https://upcdn.io/kW15bgo/raw/learnkannada/images/green.png,https://upcdn.io/kW15bgo/raw/learnkannada/audio/green.wav,,,,,,
ಹಳದಿ,yellow,Colors,haladi,https://upcdn.io/kW15bgo/raw/learnkannada/images/yellow.png,https://upcdn.io/kW15bgo/raw/learnkannada/audio/yellow.wav,,,,,,
ನೀಲಿ,blue,Colors,neeli,https://upcdn.io/kW15bgo/raw/learnkannada/images/blue.png,https://upcdn.io/kW15bgo/raw/learnkannada/audio/blue.wav,,,,,,
ಕಂದು,brown,Colors,kandu,https://upcdn.io/kW15bgo/raw/learnkannada/images/brown.png,https://upcdn.io/kW15bgo/raw/learnkannada/audio/brown.wav,,,,,,
ಕಪ್ಪು,black,Colors,kappu,https://upcdn.io/kW15bgo/raw/learnkannada/images/black.png,https://upcdn.io/kW15bgo/raw/learnkannada/audio/black.wav,,,,,,
ಬಿಳಿ,white,Colors,bili,https://upcdn.io/kW15bgo/raw/learnkannada/images/white.png,https://upcdn.io/kW15bgo/raw/learnkannada/audio/white.wav,,,,,,
ಬೂದು,grey,Colors,boodu,https://upcdn.io/kW15bgo/raw/learnkannada/images/grey.png,https://upcdn.io/kW15bgo/raw/learnkannada/audio/grey.wav,,,,,,
ನಸುಗೆಂಪು,pink,Colors,nasugempu,https://upcdn.io/kW15bgo/raw/learnkannada/images/pink.png,https://upcdn.io/kW15bgo/raw/learnkannada/audio/pink.wav,,,,,,
ನೆರಳೆ,purple,Colors,nerale,https://upcdn.io/kW15bgo/raw/learnkannada/images/purple.png,https://upcdn.io/kW15bgo/raw/learnkannada/audio/purple.wav,,,,,,
ಬಾಳೆಹಣ್ಣು,banana,Food,baalehannu,https://upcdn.io/kW15bgo/raw/learnkannada/images/banana.png,https://upcdn.io/kW15bgo/raw/learnkannada/audio/banana.wav,,,,,,
ಸೇಬು,apple,Food,sebu,https://upcdn.io/kW15bgo/raw/learnkannada/images/apple.png,https://upcdn.io/kW15bgo/raw/learnkannada/audio/apple.wav,,,,,,
ಕಿತ್ತಳೆ ಹಣ್ಣು,orange,Food,kittalehannu,https://upcdn.io/kW15bgo/raw/learnkannada/images/orange.png,https://upcdn.io/kW15bgo/raw/learnkannada/audio/orange.wav,,,,,,
ಜೋಳ,corn,Food,jola,https://upcdn.io/kW15bgo/raw/learnkannada/images/corn.png,https://upcdn.io/kW15bgo/raw/learnkannada/audio/corn.wav,,,,,,
ಮೊಟ್ಟೆ,egg,Food,motte,https://upcdn.io/kW15bgo/raw/learnkannada/images/egg.png,https://upcdn.io/kW15bgo/raw/learnkannada/audio/egg.wav,,,,,,
ಬದನೇಕಾಯಿ,eggplant,Food,badanekayi,https://upcdn.io/kW15bgo/raw/learnkannada/images/eggplant.png,https://upcdn.io/kW15bgo/raw/learnkannada/audio/eggplant.wav,,,,,,
ದ್ರಾಕ್ಷಿ,grapes,Food,draakshi,https://upcdn.io/kW15bgo/raw/learnkannada/images/grapes.png,https://upcdn.io/kW15bgo/raw/learnkannada/audio/grapes.wav,,,,,,
ಹಾಲು,milk,Food,haalu,https://upcdn.io/kW15bgo/raw/learnkannada/images/milk.png,https://upcdn.io/kW15bgo/raw/learnkannada/audio/milk.wav,,,,,,
ಮೊಸರು,yogurt,Food,mosaru,https://upcdn.io/kW15bgo/raw/learnkannada/images/yogurt.png,https://upcdn.io/kW15bgo/raw/learnkannada/audio/yogurt.wav,,,,,,
ಬೆಣ್ಣೆ,butter,Food,benne,https://upcdn.io/kW15bgo/raw/learnkannada/images/butter.png,https://upcdn.io/kW15bgo/raw/learnkannada/audio/butter.wav,,,,,,
ಅಣಬೆ,mushroom,Food,anabe,https://upcdn.io/kW15bgo/raw/learnkannada/images/mushroom.png,https://upcdn.io/kW15bgo/raw/learnkannada/audio/mushroom.wav,,,,,,
ಅನ್ನ,rice,Food,anna,https://upcdn.io/kW15bgo/raw/learnkannada/images/rice.png,https://upcdn.io/kW15bgo/raw/learnkannada/audio/rice.wav,,,,,,
ಸಪೋಟ,chickoo,Food,sapota,https://upcdn.io/kW15bgo/raw/learnkannada/images/chickoo.png,https://upcdn.io/kW15bgo/raw/learnkannada/audio/chickoo.wav,,,,,,
ಸೀಬೆಹಣ್ಣು,guava,Food,seebehannu,https://upcdn.io/kW15bgo/raw/learnkannada/images/guava.png,https://upcdn.io/kW15bgo/raw/learnkannada/audio/guava.wav,,,,,,
ಕಲ್ಲಂಗಡಿ,watermelon,Food,kallangadi,https://upcdn.io/kW15bgo/raw/learnkannada/images/watermelon.png,https://upcdn.io/kW15bgo/raw/learnkannada/audio/watermelon.wav,,,,,,
ಅನಾನಸ್,pinapple,Food,anannas,https://upcdn.io/kW15bgo/raw/learnkannada/images/pinapple.png,https://upcdn.io/kW15bgo/raw/learnkannada/audio/pinapple.wav,,,,,,
ಗೋಡಂಬಿ,cashew,Food,godambi,https://upcdn.io/kW15bgo/raw/learnkannada/images/cashew.png,https://upcdn.io/kW15bgo/raw/learnkannada/audio/cashew.wav,,,,,,
ಬಾದಾಮಿ,almond,Food,baadami,https://upcdn.io/kW15bgo/raw/learnkannada/images/almond.png,https://upcdn.io/kW15bgo/raw/learnkannada/audio/almond.wav,,,,,,
ಹಿಟ್ಟು,flour,Food,hittu,https://upcdn.io/kW15bgo/raw/learnkannada/images/flour.png,https://upcdn.io/kW15bgo/raw/learnkannada/audio/flour.wav,,,,,,
ಪಾಲಕ್,spinach,Food,paalak,https://upcdn.io/kW15bgo/raw/learnkannada/images/spinach.png,https://upcdn.io/kW15bgo/raw/learnkannada/audio/spinach.wav,,,,,,
ಸೌತೆಕಾಯಿ,cucumber,Food,sauthekaayi,https://upcdn.io/kW15bgo/raw/learnkannada/images/cucumber.png,https://upcdn.io/kW15bgo/raw/learnkannada/audio/cucumber.wav,,,,,,
ಗಜ್ಜರಿ,carrot,Food,gajjari,https://upcdn.io/kW15bgo/raw/learnkannada/images/carrot.png,https://upcdn.io/kW15bgo/raw/learnkannada/audio/carrot.wav,,,,,,
ಮಾವಿನ ಹಣ್ಣು,mango,Food,maavina hannu,https://upcdn.io/kW15bgo/raw/learnkannada/images/mango.png,https://upcdn.io/kW15bgo/raw/learnkannada/audio/mango.wav,,,,,,
ತೆಂಗಿನಕಾಯಿ,coconut,Food,tenginakaayi,https://upcdn.io/kW15bgo/raw/learnkannada/images/coconut.png,https://upcdn.io/kW15bgo/raw/learnkannada/audio/coconut.wav,,,,,,
ಎಣ್ಣೆ,oil,Food,enne,https://upcdn.io/kW15bgo/raw/learnkannada/images/oil.png,https://upcdn.io/kW15bgo/raw/learnkannada/audio/oil.wav,,,,,,
ಕಡ್ಲೆಕಾಯಿ,groundnut,Food,kadlekai,https://upcdn.io/kW15bgo/raw/learnkannada/images/groundnut.png,https://upcdn.io/kW15bgo/raw/learnkannada/audio/groundnut.wav,,,,,,
ನೀರು,water,Food,neeru,https://upcdn.io/kW15bgo/raw/learnkannada/images/water.png,https://upcdn.io/kW15bgo/raw/learnkannada/audio/water.wav,,,,,,
ಸಿಹಿ,sweet,Food,sihi,https://upcdn.io/kW15bgo/raw/learnkannada/images/sweet.png,https://upcdn.io/kW15bgo/raw/learnkannada/audio/sweet.wav,,,,,,
ಖಾರ,spicy,Food,khaara,https://upcdn.io/kW15bgo/raw/learnkannada/images/spicy.png,https://upcdn.io/kW15bgo/raw/learnkannada/audio/spicy.wav,,,,,,
ಹುಳಿ,sour,Food,huli,https://upcdn.io/kW15bgo/raw/learnkannada/images/sour.png,https://upcdn.io/kW15bgo/raw/learnkannada/audio/sour.wav,,,,,,
ವೃತ್ತ,circle,Shapes,vrutta,https://upcdn.io/kW15bgo/raw/learnkannada/images/circle.png,https://upcdn.io/kW15bgo/raw/learnkannada/audio/circle.wav,,,,,,
ಚೌಕ,square,Shapes,chowka,https://upcdn.io/kW15bgo/raw/learnkannada/images/square.png,https://upcdn.io/kW15bgo/raw/learnkannada/audio/square.wav,,,,,,
ನಕ್ಷತ್ರ,star,Shapes,nakshatra,https://upcdn.io/kW15bgo/raw/learnkannada/images/star.png,https://upcdn.io/kW15bgo/raw/learnkannada/audio/star.wav,,,,,,
ಚಂದ್ರಾಕಾರ,moon,Shapes,chandraakara,https://upcdn.io/kW15bgo/raw/learnkannada/images/moon.png,https://upcdn.io/kW15bgo/raw/learnkannada/audio/moon.wav,,,,,,
ತ್ರಿಭುಜ,triangle,Shapes,tribhuja,https://upcdn.io/kW15bgo/raw/learnkannada/images/triangle.png,https://upcdn.io/kW15bgo/raw/learnkannada/audio/triangle.wav,,,,,,
ಸೋಮವಾರ,monday,Days,somavara,https://upcdn.io/kW15bgo/raw/learnkannada/images/monday.png,https://upcdn.io/kW15bgo/raw/learnkannada/audio/monday.wav,,,,,,
ಮಂಗಳವಾರ,tuesday,Days,mangalavara,https://upcdn.io/kW15bgo/raw/learnkannada/images/tuesday.png,https://upcdn.io/kW15bgo/raw/learnkannada/audio/tuesday.wav,,,,,,
ಬುಧವಾರ,wednesday,Days,budhavara,https://upcdn.io/kW15bgo/raw/learnkannada/images/wednesday.png,https://upcdn.io/kW15bgo/raw/learnkannada/audio/wednesday.wav,,,,,,
ಗುರುವಾರ,thursday,Days,guruvara,https://upcdn.io/kW15bgo/raw/learnkannada/images/thursday.png,https://upcdn.io/kW15bgo/raw/learnkannada/audio/thursday.wav,,,,,,
ಶುಕ್ರವಾರ,friday,Days,shukravara,https://upcdn.io/kW15bgo/raw/learnkannada/images/friday.png,https://upcdn.io/kW15bgo/raw/learnkannada/audio/friday.wav,,,,,,
ಶನಿವಾರ,saturday,Days,shanivara,https://upcdn.io/kW15bgo/raw/learnkannada/images/saturday.png,https://upcdn.io/kW15bgo/raw/learnkannada/audio/saturday.wav,,,,,,
ರವಿವಾರ,sunday,Days,ravivara,https://upcdn.io/kW15bgo/raw/learnkannada/images/sunday.png,https://upcdn.io/kW15bgo/raw/learnkannada/audio/sunday.wav,,,,,,
ಒಂದು,one,Numbers,ondu,https://upcdn.io/kW15bgo/raw/learnkannada/images/one.png,https://upcdn.io/kW15bgo/raw/learnkannada/audio/one.wav,,,,,,
ಎರಡು,two,Numbers,eradu,https://upcdn.io/kW15bgo/raw/learnkannada/images/two.png,https://upcdn.io/kW15bgo/raw/learnkannada/audio/two.wav,,,,,,
ಮೂರು,three,Numbers,mooru,https://upcdn.io/kW15bgo/raw/learnkannada/images/three.png,https://upcdn.io/kW15bgo/raw/learnkannada/audio/three.wav,,,,,,
ನಾಲ್ಕು,four,Numbers,nalku,https://upcdn.io/kW15bgo/raw/learnkannada/images/four.png,https://upcdn.io/kW15bgo/raw/learnkannada/audio/four.wav,,,,,,
ಐದು,five,Numbers,aidu,https://upcdn.io/kW15bgo/raw/learnkannada/images/five.png,https://upcdn.io/kW15bgo/raw/learnkannada/audio/five.wav,,,,,,
ಆರು,six,Numbers,aaru,https://upcdn.io/kW15bgo/raw/learnkannada/images/six.png,https://upcdn.io/kW15bgo/raw/learnkannada/audio/six.wav,,,,,,
ಎಳು,seven,Numbers,elu,https://upcdn.io/kW15bgo/raw/learnkannada/images/seven.png,https://upcdn.io/kW15bgo/raw/learnkannada/audio/seven.wav,,,,,,
ಎಂಟು,eight,Numbers,entu,https://upcdn.io/kW15bgo/raw/learnkannada/images/eight.png,https://upcdn.io/kW15bgo/raw/learnkannada/audio/eight.wav,,,,,,
ಒಂಬತ್ತು,nine,Numbers,ombhattu,https://upcdn.io/kW15bgo/raw/learnkannada/images/nine.png,https://upcdn.io/kW15bgo/raw/learnkannada/audio/nine.wav,,,,,,
ಹತ್ತು,ten,Numbers,hattu,https://upcdn.io/kW15bgo/raw/learnkannada/images/ten.png,https://upcdn.io/kW15bgo/raw/learnkannada/audio/ten.wav,,,,,,
ಐವತ್ತು,fifty,Numbers,aivattu,https://upcdn.io/kW15bgo/raw/learnkannada/images/fifty.png,https://upcdn.io/kW15bgo/raw/learnkannada/audio/fifty.wav,,,,,,
ನೂರು,hundred,Numbers,nooru,https://upcdn.io/kW15bgo/raw/learnkannada/images/hundred.png,https://upcdn.io/kW15bgo/raw/learnkannada/audio/hundred.wav,,,,,,
ಐನೂರು,fivehundred,Numbers,ainooru,https://upcdn.io/kW15bgo/raw/learnkannada/images/fivehundred.png,https://upcdn.io/kW15bgo/raw/learnkannada/audio/fivehundred.wav,,,,,,
ಸಾವಿರ,thousand,Numbers,saavira,https://upcdn.io/kW15bgo/raw/learnkannada/images/thousand.png,https://upcdn.io/kW15bgo/raw/learnkannada/audio/thousand.wav,,,,,,
ಲಕ್ಷ,lakh,Numbers,laksha,https://upcdn.io/kW15bgo/raw/learnkannada/images/lakh.png,https://upcdn.io/kW15bgo/raw/learnkannada/audio/lakh.wav,,,,,,
ಕೋಟಿ,crore,Numbers,kothi,https://upcdn.io/kW15bgo/raw/learnkannada/images/crore.png,https://upcdn.io/kW15bgo/raw/learnkannada/audio/crore.wav,,,,,,
ಈಜು,swim,Verbs,eeju,https://upcdn.io/kW15bgo/raw/learnkannada/images/swim.png,https://upcdn.io/kW15bgo/raw/learnkannada/audio/swim.wav,,,,,,
ನಗು,smile,Verbs,nagu,https://upcdn.io/kW15bgo/raw/learnkannada/images/smile.png,https://upcdn.io/kW15bgo/raw/learnkannada/audio/smile.wav,,,,,,
ಹಾಡು,sing,Verbs,haadu,https://upcdn.io/kW15bgo/raw/learnkannada/images/sing.png,https://upcdn.io/kW15bgo/raw/learnkannada/audio/sing.wav,,,,,,
ಕೊಡು,give,Verbs,kodu,https://upcdn.io/kW15bgo/raw/learnkannada/images/give.png,https://upcdn.io/kW15bgo/raw/learnkannada/audio/give.wav,,,,,,
ತಿನ್ನು,eat,Verbs,tinnu,https://upcdn.io/kW15bgo/raw/learnkannada/images/eat.png,https://upcdn.io/kW15bgo/raw/learnkannada/audio/eat.wav,,,,,,
ಕುಳಿತುಕೊ,sit,Verbs,kulithuko,https://upcdn.io/kW15bgo/raw/learnkannada/images/sit.png,https://upcdn.io/kW15bgo/raw/learnkannada/audio/sit.wav,,,,,,
ಓದು,read,Verbs,odu,https://upcdn.io/kW15bgo/raw/learnkannada/images/read.png,https://upcdn.io/kW15bgo/raw/learnkannada/audio/read.wav,,,,,,
ಬರೆ,write,Verbs,bare,https://upcdn.io/kW15bgo/raw/learnkannada/images/write.png,https://upcdn.io/kW15bgo/raw/learnkannada/audio/write.wav,,,,,,
ನಡೆ,walk,Verbs,nade,https://upcdn.io/kW15bgo/raw/learnkannada/images/walk.png,https://upcdn.io/kW15bgo/raw/learnkannada/audio/walk.wav,,,,,,
ನೋಡು,look,Verbs,nodu,https://upcdn.io/kW15bgo/raw/learnkannada/images/look.png,https://upcdn.io/kW15bgo/raw/learnkannada/audio/look.wav,,,,,,
ಕೇಳು,listen,Verbs,keLu,https://upcdn.io/kW15bgo/raw/learnkannada/images/listen.png,https://upcdn.io/kW15bgo/raw/learnkannada/audio/listen.wav,,,,,,
ಮಾತನಾಡು,speak,Verbs,maatanaadu,https://upcdn.io/kW15bgo/raw/learnkannada/images/speak.png,https://upcdn.io/kW15bgo/raw/learnkannada/audio/speak.wav,,,,,,
ಆಡು,play,Verbs,aadu,https://upcdn.io/kW15bgo/raw/learnkannada/images/play.png,https://upcdn.io/kW15bgo/raw/learnkannada/audio/play.wav,,,,,,
ಹಾರು,fly,Verbs,haaru,https://upcdn.io/kW15bgo/raw/learnkannada/images/fly.png,https://upcdn.io/kW15bgo/raw/learnkannada/audio/fly.wav,,,,,,
ತಬ್ಬಿಕೊ,hug,Verbs,tabbiko,https://upcdn.io/kW15bgo/raw/learnkannada/images/hug.png,https://upcdn.io/kW15bgo/raw/learnkannada/audio/hug.wav,,,,,,
ಓಡು,run,Verbs,odu,https://upcdn.io/kW15bgo/raw/learnkannada/images/run.png,https://upcdn.io/kW15bgo/raw/learnkannada/audio/run.wav,,,,,,
ಕುಡಿ,drink,Verbs,kudi,https://upcdn.io/kW15bgo/raw/learnkannada/images/drink.png,https://upcdn.io/kW15bgo/raw/learnkannada/audio/drink.wav,,,,,,
ಅಳು,cry,Verbs,aLu,https://upcdn.io/kW15bgo/raw/learnkannada/images/cry.png,https://upcdn.io/kW15bgo/raw/learnkannada/audio/cry.wav,,,,,,
ಮುಚ್ಚು,close,Verbs,muchchu,https://upcdn.io/kW15bgo/raw/learnkannada/images/close.png,https://upcdn.io/kW15bgo/raw/learnkannada/audio/close.wav,,,,,,
ತಳ್ಳು,push,Verbs,taLlu,https://upcdn.io/kW15bgo/raw/learnkannada/images/push.png,https://upcdn.io/kW15bgo/raw/learnkannada/audio/push.wav,,,,,,
ಎಳೆ,pull,Verbs,eLe,https://upcdn.io/kW15bgo/raw/learnkannada/images/pull.png,https://upcdn.io/kW15bgo/raw/learnkannada/audio/pull.wav,,,,,,
ಹುಡುಗ,boy,People,huduga,https://upcdn.io/kW15bgo/raw/learnkannada/images/boy.png,https://upcdn.io/kW15bgo/raw/learnkannada/audio/boy.wav,,,,,,
ಹುಡುಗಿ,girl,People,hudugi,https://upcdn.io/kW15bgo/raw/learnkannada/images/girl.png,https://upcdn.io/kW15bgo/raw/learnkannada/audio/girl.wav,,,,,,
ಪುರಷ,man,People,purusha,https://upcdn.io/kW15bgo/raw/learnkannada/images/man.png,https://upcdn.io/kW15bgo/raw/learnkannada/audio/man.wav,,,,,,
ಮಹಿಳೆ,woman,People,mahile,https://upcdn.io/kW15bgo/raw/learnkannada/images/woman.png,https://upcdn.io/kW15bgo/raw/learnkannada/audio/woman.wav,,,,,,
ಅಜ್ಜ,grandfather,People,ajja,https://upcdn.io/kW15bgo/raw/learnkannada/images/grandfather.png,https://upcdn.io/kW15bgo/raw/learnkannada/audio/grandfather.wav,,,,,,
ಅಜ್ಜಿ,grandmother,People,ajji,https://upcdn.io/kW15bgo/raw/learnkannada/images/grandmother.png,https://upcdn.io/kW15bgo/raw/learnkannada/audio/grandmother.wav,,,,,,
ಶೀಘ್ರವಾಗಿ,quickly,Adverbs,sheeghravagi,https://upcdn.io/kW15bgo/raw/learnkannada/images/quickly.png,https://upcdn.io/kW15bgo/raw/learnkannada/audio/quickly.wav,,,,,,
ನಿಧಾನವಾಗಿ,slowly,Adverbs,nidhānāvagi,https://upcdn.io/kW15bgo/raw/learnkannada/images/slowly.png,https://upcdn.io/kW15bgo/raw/learnkannada/audio/slowly.wav,,,,,,
ಸುಲಭವಾಗಿ,easily,Adverbs,sulabhāvagi,https://upcdn.io/kW15bgo/raw/learnkannada/images/easily.png,https://upcdn.io/kW15bgo/raw/learnkannada/audio/easily.wav,,,,,,
ಕಠಿಣವಾಗಿ,hard,Adverbs,kaṭhiṇāvagi,https://upcdn.io/kW15bgo/raw/learnkannada/images/hard.png,https://upcdn.io/kW15bgo/raw/learnkannada/audio/hard.wav,,,,,,
ಚೆನ್ನಾಗಿ,well,Adverbs,chennāgi,https://upcdn.io/kW15bgo/raw/learnkannada/images/well.png,https://upcdn.io/kW15bgo/raw/learnkannada/audio/well.wav,,,,,,
ತಪ್ಪದೆ,certainly,Adverbs,tappade,https://upcdn.io/kW15bgo/raw/learnkannada/images/certainly.png,https://upcdn.io/kW15bgo/raw/learnkannada/audio/certainly.wav,,,,,,
ಖಂಡಿತ,absolutely,Adverbs,khaṇḍitāvagi,https://upcdn.io/kW15bgo/raw/learnkannada/images/absolutely.png,https://upcdn.io/kW15bgo/raw/learnkannada/audio/absolutely.wav,,,,,,
ಸುತ್ತಲೂ,around,Adverbs,suttalū,https://upcdn.io/kW15bgo/raw/learnkannada/images/around.png,https://upcdn.io/kW15bgo/raw/learnkannada/audio/around.wav,,,,,,
ಅಲ್ಲಿ,there,Adverbs,alli,https://upcdn.io/kW15bgo/raw/learnkannada/images/there.png,https://upcdn.io/kW15bgo/raw/learnkannada/audio/there.wav,,,,,,https://upcdn.io/kW15bgo/raw/learnkannada/audio/slowly.wav
ಇಲ್ಲಿ,here,Adverbs,illi,https://upcdn.io/kW15bgo/raw/learnkannada/images/here.png,https://upcdn.io/kW15bgo/raw/learnkannada/audio/here.wav,,,,,,
ಯಾವಾಗಲೂ,always,Adverbs,yāvāgalū,https://upcdn.io/kW15bgo/raw/learnkannada/images/always.png,https://upcdn.io/kW15bgo/raw/learnkannada/audio/always.wav,,,,,,
ಹದಿಮೂರು,thirteen,Numbers,hadhimooru,https://replicate.delivery/yhqm/5PkuifjZxQQaAadzXIuv9JnawIbJqpMXaSnFTsPIYnb3XgRKA/out-0.png,https://upcdn.io/kW15bgo/raw/learnkannada/audio/slowly.wav,,,,,,
ಹನ್ನೊಂದು,eleven,Numbers,hannondu,https://replicate.delivery/yhqm/ebi0oaBESepmnUeRC5lngXf9kwqBl2cPzIQejVnsavraeLwIF/out-0.png,https://upcdn.io/kW15bgo/raw/learnkannada/audio/slowly.wav,,,,,,
ಹನ್ನೆರಡು,twelve,Numbers,hanneradu,https://replicate.delivery/yhqm/FR32qFx2IW7HAB5RISkXROm0Zg3WK5DeAQDIXim5i088XgRKA/out-0.png,https://upcdn.io/kW15bgo/raw/learnkannada/audio/slowly.wav,,,,,,
ಇಪ್ಪತ್ತು,twenty,Numbers,ippatthu,https://replicate.delivery/yhqm/dNuaeIhxnIVlfkgUhgy2A3k1UU1R6zi92e2WGtN4wbm6fCMSB/out-0.png,https://upcdn.io/kW15bgo/raw/learnkannada/audio/slowly.wav,,,,,,
ಮೂವತ್ತು,thirty,Numbers,moovatthu,https://replicate.delivery/yhqm/tQ27M8ebR7xtX63IskAxsHPbPJGipiXlckUdXeBmfZdGgBGpA/out-0.png,https://upcdn.io/kW15bgo/raw/learnkannada/audio/slowly.wav,,,,,,
ನಲವತ್ತು,forty,Numbers,nalavatthu,https://replicate.delivery/yhqm/iyhtTFYuugrnIBbxe2fGHzYfTCGYlmDAKjvCmAi3UjcPgBGpA/out-0.png,https://upcdn.io/kW15bgo/raw/learnkannada/audio/slowly.wav,,,,,,
ಅರವತ್ತು,sixty,Numbers,aravatthu,https://replicate.delivery/yhqm/hZvQyM3b84pefk4kVVCrwBKfUlGxJnR4kMMeilkYxHvyADMSB/out-0.png,https://upcdn.io/kW15bgo/raw/learnkannada/audio/slowly.wav,,,,,,
ಎಪ್ಪತ್ತು,seventy,Numbers,eppatthu,https://replicate.delivery/yhqm/TteUppc8oGwsbCMTTnN097JjjAqzNpe3ieiX8yuoD8djgBGpA/out-0.png,https://upcdn.io/kW15bgo/raw/learnkannada/audio/slowly.wav,,,,,,
ಎಂಬತ್ತು,eighty,Numbers,embatthu,https://replicate.delivery/yhqm/5QcUBEZ5PgLbJFJihDjVJEQtef7TKyQk2qcvaihdXHTXwAjUA/out-0.png,https://upcdn.io/kW15bgo/raw/learnkannada/audio/slowly.wav,,,,,,
ತೊಂಬತ್ತು,ninety,Numbers,thombatthu,https://replicate.delivery/yhqm/OXnu3K66c1YfUClL8inKtFMao6feJjrchAaoItdupq23gBGpA/out-0.png,https://upcdn.io/kW15bgo/raw/learnkannada/audio/slowly.wav,,,,,,
ಹತ್ತು ಸಾವಿರ,ten thousand,Numbers,hatthu saavira,https://replicate.delivery/yhqm/pNgeiVMTvE3zai65T6Rk8rYmiPl0Yg2hXPZubH7JSPzQYgRKA/out-0.png,https://upcdn.io/kW15bgo/raw/learnkannada/audio/slowly.wav,,,,,,
ಹದಿನಾಲ್ಕು,fourteen,Numbers,hadhinaalku,https://replicate.delivery/yhqm/8cWegwNyytyDMC4yOefOrXhk2mza7RNZ58AdukZxw0WLhBGpA/out-0.png,https://upcdn.io/kW15bgo/raw/learnkannada/audio/slowly.wav,,,,,,
ಹದಿನೈದು,fifteen,Numbers,hadhinaidhu,https://replicate.delivery/yhqm/gqrkj3y9vfxCICCAtAXLPlD3rFSetPLjgBvZ3Jv2GxEpwAjUA/out-0.png,https://upcdn.io/kW15bgo/raw/learnkannada/audio/slowly.wav,,,,,,
ಹದಿನಾರು,sixteen,Numbers,hadhinaaru,https://replicate.delivery/yhqm/5emORjheYymDfoCKhjS3vL31qI61dxmsGciUNiH9oOEdhBGpA/out-0.png,https://upcdn.io/kW15bgo/raw/learnkannada/audio/slowly.wav,,,,,,
ಹದಿನೇಳು,seventeen,Numbers,hadhinelu,https://replicate.delivery/yhqm/N5ZDoLRqCoLwI5Y440f3OvMpZcuZMzbtw8ZaP56ReRCywAjUA/out-0.png,https://upcdn.io/kW15bgo/raw/learnkannada/audio/slowly.wav,,,,,,
ಹದಿನೆಂಟು,eighteen,Numbers,hadhinentu,https://replicate.delivery/yhqm/L9SSw1Qg1cLCKFfKeihSYYO9egf3meUeuH6vHktnSeTLcYgRKA/out-0.png,https://upcdn.io/kW15bgo/raw/learnkannada/audio/slowly.wav,,,,,,
ಹತ್ತೊಂಬತ್ತು,nineteen,Numbers,hatthombatthu,https://replicate.delivery/yhqm/l9yj7Ejj7TLUM9RiSEUgq2z58mnIjIKH0sSxeLBa1TPewAjUA/out-0.png,https://upcdn.io/kW15bgo/raw/learnkannada/audio/slowly.wav,,,,,,
ಎಮ್ಮೆ,buffalo,Animals,emme,https://replicate.delivery/yhqm/xgJhhjvMSM7rGptNcenuaQQH8n0geqff7sL2nTZRHuHGEDMSB/out-0.png,https://upcdn.io/kW15bgo/raw/learnkannada/audio/slowly.wav,,,,,,
ಒಂಟೆ,camel,Animals,onte,https://replicate.delivery/yhqm/Pm8BbMB8teyfkUqtaqX8Md5JHGwewmzPN07Zfexx4FK1IGYkC/out-0.png,https://upcdn.io/kW15bgo/raw/learnkannada/audio/slowly.wav,,,,,,
ಹಲ್ಲಿ,lizard,Animals,halli,https://replicate.delivery/yhqm/eZ8BUmesArueUoeyg4GWOjqRTP499CW9AJbHnZcGHuCzEDMSB/out-0.png,https://upcdn.io/kW15bgo/raw/learnkannada/audio/slowly.wav,,,,,,
ಗಿಣಿ,parrot,Animals,gini,https://replicate.delivery/yhqm/4YwqvS7JYDa7OhsKLBpKjeCdxxVFJ0BezLJUjQzaZ11RxAjUA/out-0.png,https://upcdn.io/kW15bgo/raw/learnkannada/audio/slowly.wav,,,,,,
ಗುಬ್ಬಚ್ಚಿ,sparrow,Animals,gubbacchi,https://replicate.delivery/yhqm/rXoGdX0B6toPMFJhVa8hl1LnWsD68mZToJfzLrM3086qYgRKA/out-0.png,https://upcdn.io/kW15bgo/raw/learnkannada/audio/slowly.wav,,,,,,
ಅಳಿಲು,squirrel,Animals,alilu,https://replicate.delivery/yhqm/WqLdUXefu1gnAk3LHl9JelrxAggJkDAExbBhLcOKreb2FDMSB/out-0.png,https://upcdn.io/kW15bgo/raw/learnkannada/audio/slowly.wav,,,,,,
ಜೇನುನೋಣ,bee,Animals,jenunona,https://upcdn.io/kW15bgo/raw/learnkannada/images/bee.png,https://upcdn.io/kW15bgo/raw/learnkannada/audio/slowly.wav,,,,,,
ಇರುವೆ,ant,Animals,iruve,https://replicate.delivery/yhqm/3MQW7eWhbw3rTa6N2HnhzbpBfFbfpM77CicQysvl8CEWjBGpA/out-0.png,https://upcdn.io/kW15bgo/raw/learnkannada/audio/slowly.wav,,,,,,
ಹಾವು,snake,Animals,naavu,https://upcdn.io/kW15bgo/raw/learnkannada/images/snake.png,https://upcdn.io/kW15bgo/raw/learnkannada/audio/slowly.wav,,,,,,
ಇಲಿ,mouse,Animals,ili,https://replicate.delivery/yhqm/4h4BITcYEtaYJFdZlefhSaUs0CNhf4eep0Fz8ObCywCzOGYkC/out-0.png,https://upcdn.io/kW15bgo/raw/learnkannada/audio/slowly.wav,,,,,,
ಗೂಬೆ,owl,Animals,goobe,https://replicate.delivery/yhqm/OnpX5TdMPFZTORQ0UeeAD3KjELMhS7bks7XjLXYI5nC7xAjUA/out-0.png,https://upcdn.io/kW15bgo/raw/learnkannada/audio/slowly.wav,,,,,,
ಪಾರಿವಾಳ,pigeon,Animals,paarivaala,https://replicate.delivery/yhqm/Te0wIverbXsCPkf5hJrbdfPGKQFa1JtZygKUbNAZKhDSIDMSB/out-0.png,https://upcdn.io/kW15bgo/raw/learnkannada/audio/slowly.wav,,,,,,
ಏಡಿ,crab,Animals,edi ,https://replicate.delivery/yhqm/OS9scNRuCNb4AhxJZMi5Jtd4iHNheG2fgfzu5ZIuvyKRkBGpA/out-0.png,https://upcdn.io/kW15bgo/raw/learnkannada/audio/slowly.wav,,,,,,
ತೋಳ,wolf,Animals,thola,https://replicate.delivery/yhqm/WeEFeL1FAbvUkUb0F6Fz4onRC6Xg4T3IJWuZBvIojxVMyAjUA/out-0.png,https://upcdn.io/kW15bgo/raw/learnkannada/audio/slowly.wav,,,,,,
ಬಾವುಲಿ,bat,Animals,baavuli,https://replicate.delivery/yhqm/QNehWXlvcsSuDCNiC3zlrfGORxsfokPKft6l2ID0DUAJJDMSB/out-0.png,https://upcdn.io/kW15bgo/raw/learnkannada/audio/slowly.wav,,,,,,
ಹುಲಿಮರಿ,tiger cub,Animals,hulimari,https://replicate.delivery/yhqm/R0ORI3uZ8f0Qe0KRTzeaDrS1gQgEJKprFeUnebA9WMAATGYkC/out-0.png,https://upcdn.io/kW15bgo/raw/learnkannada/audio/slowly.wav,,,,,,
ಕರು,calf,Animals,karu,https://replicate.delivery/yhqm/Zqaol0vDGLpuNpHJLpToQjjyO2JK5svYjKjd0Pn6lCTnMwIF/out-0.png,https://upcdn.io/kW15bgo/raw/learnkannada/audio/slowly.wav,,,,,,
ಬೆಕ್ಕಿನ ಮರಿ,kitten,Animals,bekkinamari,https://replicate.delivery/yhqm/RSUzKeBEwDxTLSsXrfXyBYNIga9HwfkvEO7pKCOxwNmRlBGpA/out-0.png,https://upcdn.io/kW15bgo/raw/learnkannada/audio/slowly.wav,,,,,,
ಕೋಳಿಮರಿ,chick,Animals,kolimari,https://replicate.delivery/yhqm/Kg1vUkeL4mUfb0E3KfRA68fU8GcM8QrFy497icJxI165KDMSB/out-0.png,https://upcdn.io/kW15bgo/raw/learnkannada/audio/slowly.wav,,,,,,
ಬೆರಳು,finger,Body Parts,beralu,https://replicate.delivery/yhqm/TV7OfiD2l3x5YyEJ1auaT6EWz3bGXMSNmvdeMsvojEr5yAjUA/out-0.png,https://upcdn.io/kW15bgo/raw/learnkannada/audio/slowly.wav,,,,,,
ಈರುಳ್ಳಿ,onion,Food,eerulli,https://replicate.delivery/yhqm/cdbZ9VecovWQJ61HAnJm9EXQG0e7tbPfWZphvzSwgg68lBGpA/out-0.png,https://upcdn.io/kW15bgo/raw/learnkannada/audio/slowly.wav,,,,,,
ಆಲೂಗಡ್ಡೆ,potato,Food,aaloogadde,https://replicate.delivery/yhqm/URaGv9Zwre37VKSiNrCMnUQR5mGoBRPGAjmcqwAKEiShZgRKA/out-0.png,https://upcdn.io/kW15bgo/raw/learnkannada/audio/slowly.wav,,,,,,
ಬೆಂಡೆಕಾಯಿ,ladyfinger,Food,bendekaayi,https://replicate.delivery/yhqm/XuCp6ZtS4vqKPRnK7sroSYJ6c12QCwfmvm7tqzlJiheHzAjUA/out-0.png,https://upcdn.io/kW15bgo/raw/learnkannada/audio/slowly.wav,,,,,,
ಹಾಗಲಕಾಯಿ,bittergourd,Food,haagalakaayi,https://replicate.delivery/yhqm/4zAZ7Brg5p48JJk3wsNBej4itsZdIzLDOPOPGCFv4sfLzAjUA/out-0.png,https://upcdn.io/kW15bgo/raw/learnkannada/audio/slowly.wav,,,,,,
ಹೀರೆಕಾಯಿ,ridgegourd,Food,heerekaayi,https://replicate.delivery/yhqm/2w1rtIQuNOZdL5OELcBRT8DfxnUQpeWOLOkpaOKJVlfhmBGpA/out-0.png,https://upcdn.io/kW15bgo/raw/learnkannada/audio/slowly.wav,,,,,,
ಪಡವಲಕಾಯಿ,snakegourd,Food,padavalakaayi,https://replicate.delivery/yhqm/HsCZvffUaPkgg0BcJkfwuw7KVDklg04lrsX2bnueBHxbNDMSB/out-0.png,https://upcdn.io/kW15bgo/raw/learnkannada/audio/slowly.wav,,,,,,
ನುಗ್ಗೆಕಾಯಿ,drumstick,Food,nuggekaayi,https://replicate.delivery/yhqm/LCwCypA9fR1XUKY6JwJUXZqIEqRdsVoVFA7geXPBUWSbzAjUA/out-0.png,https://upcdn.io/kW15bgo/raw/learnkannada/audio/slowly.wav,,,,,,
ಹೃದಯ,heart,Body Parts,hrudaya,https://replicate.delivery/yhqm/eit8eD6CD8uwY0QdXmPDJhvnVtbsA4VPhee2xscNBYMfbGYkC/out-0.png,https://upcdn.io/kW15bgo/raw/learnkannada/audio/slowly.wav,,,,,,
ಕುಂಬಳಕಾಯಿ,pumpkin,Food,kumbalakaayi,https://replicate.delivery/yhqm/LHZR0NfwBZxwAiEJmvGZAFmyBf8mwhgcUXzfiXVGAyWJnBGpA/out-0.png,https://upcdn.io/kW15bgo/raw/learnkannada/audio/slowly.wav,,,,,,
ಹಲಸಿನಹಣ್ಣು,jackfruit,Food,halasinahannu,https://replicate.delivery/yhqm/7sfdmfudr1qWDU8pSxfEiKbN3y3559cBTjQ3Yk1fSflNdGYkC/out-0.png,https://upcdn.io/kW15bgo/raw/learnkannada/audio/slowly.wav,,,,,,
ನೇರಳೆ ಹಣ್ಣು,jamun,Food,neralehannu,https://upcdn.io/kW15bgo/raw/learnkannada/images/jamun.png,https://upcdn.io/kW15bgo/raw/learnkannada/audio/slowly.wav,,,,,,
ಚಿಕ್ಕೂ,sapota,Food,chikkoo,https://replicate.delivery/yhqm/Owzr21IqF0aiA5ikV0CoGBskXndnXeVHql1lTOf3kh6zzAjUA/out-0.png,https://upcdn.io/kW15bgo/raw/learnkannada/audio/slowly.wav,,,,,,
ಸೀತಾಫಲ,custard apple,Food,seethaphala,https://replicate.delivery/yhqm/kEonARZUSzIfQi5C9VP23NMsHbrMf5K7Rfg5fAuv1NqjPDMSB/out-0.png,https://upcdn.io/kW15bgo/raw/learnkannada/audio/slowly.wav,,,,,,
ಪಪಾಯ,papaya,Food,papaaya,https://replicate.delivery/yhqm/9lv7fQeaCZkEqEeHWilhUjw9lHRw20hUkQv0UguSZQb7nBGpA/out-0.png,https://upcdn.io/kW15bgo/raw/learnkannada/audio/slowly.wav,,,,,,
ಮಂಡಿ,knee,Body Parts,mandi,https://replicate.delivery/yhqm/d32GLSVjzJb4J98IU93nWwQreTKdof8iHWLmKmaGj8OB0AjUA/out-0.png,https://upcdn.io/kW15bgo/raw/learnkannada/audio/slowly.wav,,,,,,
ಅರಿಶಿನ,turmeric,Food,arishina,https://replicate.delivery/yhqm/KPLHVxWa3eQiRKQTFfoPeT1fU0u1thkQb0fb2eevMo2mDagRKA/out-0.png,https://upcdn.io/kW15bgo/raw/learnkannada/audio/slowly.wav,,,,,,
ಶುಂಠಿ,ginger,Food,shunti,https://replicate.delivery/yhqm/PFiHT1Wp8zqEOtc9DcgM4RvxZj1n9s5GYeoKT5mZ6AbGagRKA/out-0.png,https://upcdn.io/kW15bgo/raw/learnkannada/audio/slowly.wav,,,,,,
ಬೆಳ್ಳುಳ್ಳಿ,garlic,Food,bellulli,https://replicate.delivery/yhqm/4o6tPCeFnB01BKGZfLBklWDHhjY03Nf0zL2ZCE4L1EYioBGpA/out-0.png,https://upcdn.io/kW15bgo/raw/learnkannada/audio/slowly.wav,,,,,,
ಬೆಲ್ಲ,jaggery,Food,bella,https://replicate.delivery/yhqm/E5xwmekIutWcQiAISfeU8lcjpefVxBnXBm7iUHG81SHxiGYkC/out-0.png,https://upcdn.io/kW15bgo/raw/learnkannada/audio/slowly.wav,,,,,,
ಶಾಲೆ,school,School,shaale,https://replicate.delivery/yhqm/P0MSCvhwW0oJPNmlkJtrMBMgcc3nYFvfZpOeyua7vfQ1oBGpA/out-0.png,https://upcdn.io/kW15bgo/raw/learnkannada/audio/slowly.wav,,,,,,
ತರಗತಿ,classroom,School,tharagathi,https://replicate.delivery/yhqm/7dcu59HY4d7CCxFp1f8kJSSQgsG4gPhrWYvJnlvDOglPagRKA/out-0.png,https://upcdn.io/kW15bgo/raw/learnkannada/audio/slowly.wav,,,,,,
ಕಪ್ಪು ಹಲಗೆ,blackboard,School,kappu halage,https://replicate.delivery/yhqm/BYABqgi9bAZnOhwvSOSrLkIFiow0BHxiFcIFXKXKsKCJNwIF/out-0.png,https://upcdn.io/kW15bgo/raw/learnkannada/audio/slowly.wav,,,,,,
ಬಳಪ,chalk,School,balapa,https://replicate.delivery/yhqm/DTDfLh3Cs5zVDCvBJ3scf0af93aaJrJDf6Z52QnKNr6jSDMSB/out-0.png,https://upcdn.io/kW15bgo/raw/learnkannada/audio/slowly.wav,,,,,,
ಶಿಕ್ಷಕಿ,teacher,School,shikshaki,https://replicate.delivery/yhqm/SjPqYu9lBqZlHZXAZRSgS3rfOMtB3eFdPzSUk7KDGgzu0AjUA/out-0.png,https://upcdn.io/kW15bgo/raw/learnkannada/audio/slowly.wav,,,,,,
ವಿದ್ಯಾರ್ಥಿನಿ,student,School,vidhyaarthini,https://replicate.delivery/yhqm/NI2QnGGgTybTExZzXSAZw9H4w4In1b1wAomzPlaQ865MNwIF/out-0.png,https://upcdn.io/kW15bgo/raw/learnkannada/audio/slowly.wav,,,,,,
ಮನೆಗೆಲಸ,homework,School,manegelasa,https://replicate.delivery/yhqm/djGi0HCifgXfPkIBKpH6myRmcfZ1B00rJREWwEqJ77IwpBGpA/out-0.png,https://upcdn.io/kW15bgo/raw/learnkannada/audio/slowly.wav,,,,,,
ಪರೀಕ್ಷೆ,exam,School,pareekshe,https://replicate.delivery/yhqm/8IaVTktfUmSNPiyWnQrgSJgyw1Pb5P3yYTlb1wLH8m7e0AjUA/out-0.png,https://upcdn.io/kW15bgo/raw/learnkannada/audio/slowly.wav,,,,,,
ಗಂಟೆ,bell,School,gante,https://replicate.delivery/yhqm/aeSOxaip70yySyTvO1PL5jLxvJgzq0Q88rvepeeGAL0sUDMSB/out-0.png,https://upcdn.io/kW15bgo/raw/learnkannada/audio/slowly.wav,,,,,,
ಬೆಂಚು,bench,School,benchu,https://replicate.delivery/yhqm/8VVFgn8nI1JYK14cFQfPMJd7DFRl4PFGQiDYILfqOLhW1AjUA/out-0.png,https://upcdn.io/kW15bgo/raw/learnkannada/audio/slowly.wav,,,,,,
ತಲೆ,head,Body Parts,thale,https://replicate.delivery/yhqm/aDxkimwRc4rBLNcGCpWZCpEpbTc4VgPxe0TPxaTqfjf7qBGpA/out-0.png,https://upcdn.io/kW15bgo/raw/learnkannada/audio/slowly.wav,,,,,,
ಕೈ,hand,Body Parts,kai,https://replicate.delivery/yhqm/NlF8hrt4AxolM9HVC63OSefmLjFscV9hTC3jeriJrCtDrBGpA/out-0.png,https://upcdn.io/kW15bgo/raw/learnkannada/audio/slowly.wav,,,,,,
ಕಾಲು,leg,Body Parts,kaalu,https://replicate.delivery/yhqm/K42VV00FITqqN5EZQJj7Z74eLYy6hfTbseexXiwmOXbZWDMSB/out-0.png,https://upcdn.io/kW15bgo/raw/learnkannada/audio/slowly.wav,,,,,,
ಮೂಗು,nose,Body Parts,moogu,https://replicate.delivery/yhqm/IEWCUNBAh6KjE5IBePBfqf3PSMoDdteUMFqBnYdWl79sWDMSB/out-0.png,https://upcdn.io/kW15bgo/raw/learnkannada/audio/slowly.wav,,,,,,
ಕಿವಿ,ear,Body Parts,kivi,https://replicate.delivery/yhqm/6hvgMOERKoLeXCAQqe5AuLiD7bFyPv41cAv9yUfJBBtgrBGpA/out-0.png,https://upcdn.io/kW15bgo/raw/learnkannada/audio/slowly.wav,,,,,,
ಕಣ್ಣು,eye,Body Parts,kannu,https://replicate.delivery/yhqm/L02eHUeeVOQn7IQKbxy60xK1QfmaS5dgvDRhedaLAl81uGYkC/out-0.png,https://upcdn.io/kW15bgo/raw/learnkannada/audio/slowly.wav,,,,,,
ಬಾಯಿ,mouth,Body Parts,baayi,https://replicate.delivery/yhqm/xTaewpsYjkywWCbFkkwJOkByQz2XQKbZo4jPyQitbhe61AjUA/out-0.png,https://upcdn.io/kW15bgo/raw/learnkannada/audio/slowly.wav,,,,,,
ಕತ್ತು,neck,Body Parts,katthu,https://replicate.delivery/yhqm/AONUdHQZsSaLNRAT1sigCngoVPyzVKa3eaHjsAwUQM7AbgRKA/out-0.png,https://upcdn.io/kW15bgo/raw/learnkannada/audio/slowly.wav,,,,,,
ಹೊಟ್ಟೆ,stomach,Body Parts,hotte,https://replicate.delivery/yhqm/ef9BGA1uSQhR1EfiWy82sw42aqnRGi4dOTqQXuUIJG0LsBGpA/out-0.png,https://upcdn.io/kW15bgo/raw/learnkannada/audio/slowly.wav,,,,,,
ಬೆನ್ನು,back,Body Parts,bennu,https://replicate.delivery/yhqm/JrMBHssFFvIAKdGvIKfy7YtgP0yoetEpQeFTraVIserrYDMSB/out-0.png,https://upcdn.io/kW15bgo/raw/learnkannada/audio/slowly.wav,,,,,,
ಪರ್ವತ,mountain,Nature,parvatha,https://replicate.delivery/yhqm/qOA7Uqx6OY6IKtOfYgJjAN4MqMMgg9GW1ZzqkhExvJMIbgRKA/out-0.png,https://upcdn.io/kW15bgo/raw/learnkannada/audio/slowly.wav,,,,,,
ನದಿ,river,Nature,nadhi,https://replicate.delivery/yhqm/EWPhfM0oK2RXaaHfwQpQ7nIE1n7PG2n4QQIZ6TqKKdlV2AjUA/out-0.png,https://upcdn.io/kW15bgo/raw/learnkannada/audio/slowly.wav,,,,,,
ಸರೋವರ,lake,Nature,sarovara,https://replicate.delivery/yhqm/KI8PrhM7U4bPOZycDjwScgqHQfgx4OqDBY43nBIfXwlZ2AjUA/out-0.png,https://upcdn.io/kW15bgo/raw/learnkannada/audio/slowly.wav,,,,,,
ಕಲ್ಲು,stone,Nature,kallu,https://replicate.delivery/yhqm/Z3mUeJmkZk37E63DrUU6buHBql8fkkODRqnQIoV94ZResBGpA/out-0.png,https://upcdn.io/kW15bgo/raw/learnkannada/audio/slowly.wav,,,,,,
ಎಲೆ,leaf,Nature,else,https://replicate.delivery/yhqm/Zm7EccHy5M4MMJ0pLVSvlqEf7HKqEQ5gThvVfmefazjNaDMSB/out-0.png,https://upcdn.io/kW15bgo/raw/learnkannada/audio/slowly.wav,,,,,,
ಬೇರು,root,Nature,beru,https://replicate.delivery/yhqm/rKfJcrviRFzLayarcmhydltekRFfKmVl8ubmtRBjzqRRtBGpA/out-0.png,https://upcdn.io/kW15bgo/raw/learnkannada/audio/slowly.wav,,,,,,
ಆಕಾಶ,sky,Nature,aakaasha,https://replicate.delivery/yhqm/CTqDiWerGzXjYisdGurofFk1deajCGI1x6eIKO5Yb1iwaDMSB/out-0.png,https://upcdn.io/kW15bgo/raw/learnkannada/audio/slowly.wav,,,,,,
ಮೋಡ,cloud,Nature,moda,https://replicate.delivery/yhqm/P4U3ILIN4A52G1LYzgR5DLHJUzY9ftWqxAP6Dg28ECnYbgRKA/out-0.png,https://upcdn.io/kW15bgo/raw/learnkannada/audio/slowly.wav,,,,,,
ನಕ್ಷತ್ರ,star,Nature,nakshathra,https://replicate.delivery/yhqm/q14MXW6LlM5BAdB7kRdYIQItfINQDyIORWzzthXFtFlabgRKA/out-0.png,https://upcdn.io/kW15bgo/raw/learnkannada/audio/slowly.wav,,,,,,
ಸೂರ್ಯ,sun,Nature,soorya,https://replicate.delivery/yhqm/18GfPp9tlq2BFytHfL15URvxYNbUYet4DwAGLs7XT0p0tBGpA/out-0.png,https://upcdn.io/kW15bgo/raw/learnkannada/audio/slowly.wav,,,,,,
ಮಳೆ,rain,Weather,male,https://replicate.delivery/yhqm/EGdbElqnCHLgHh78FKPk0rKaO0r9IyBLaYnKBVz0udpvNwIF/out-0.png,https://upcdn.io/kW15bgo/raw/learnkannada/audio/slowly.wav,,,,,,
ಗಾಳಿ,wind,Weather,gaali,https://replicate.delivery/yhqm/trftDKyCMnyOSCM59NMH0f6ti9OZ8xcBwwZZXGlPu5cF3AjUA/out-0.png,https://upcdn.io/kW15bgo/raw/learnkannada/audio/slowly.wav,,,,,,
ಮಿಂಚು,lightning,Weather,minchu,https://replicate.delivery/yhqm/9mF2MU8XJCaoG5T8UAKuiH6AzsbeytZ4OHuXcRho8F2obgRKA/out-0.png,https://upcdn.io/kW15bgo/raw/learnkannada/audio/slowly.wav,,,,,,
ಸಿಡಿಲು,thunder,Weather,sidilu,https://replicate.delivery/yhqm/DNkyim0H73ZRMhCIGIw8kNeXnfe63SLW9e0i5Z01myxZdDMSB/out-0.png,https://upcdn.io/kW15bgo/raw/learnkannada/audio/slowly.wav,,,,,,
ಕಾಮನಬಿಲ್ಲು,rainbow,Weather,kaamanabillu,https://replicate.delivery/yhqm/4LgT0Q0K3fXjVKggI4wXBpPpeNrMlWqAPPFkrjfwctU3uBGpA/out-0.png,https://upcdn.io/kW15bgo/raw/learnkannada/audio/slowly.wav,,,,,,
ಹಿಮ,snow,Weather,hima,https://replicate.delivery/yhqm/fl4mr81PEpzdSa46kIvTzXf1dgUNInWkcM7Et5QdWZhg3AjUA/out-0.png,https://upcdn.io/kW15bgo/raw/learnkannada/audio/slowly.wav,,,,,,
ಚಳಿ,cold,Weather,chali,https://replicate.delivery/yhqm/xzYEyUXWZeWhNS6bRdZUlxnI8DWpSWJzhEnaI45meK4l3AjUA/out-0.png,https://upcdn.io/kW15bgo/raw/learnkannada/audio/slowly.wav,,,,,,
ಬಿಸಿಲು,hot,Weather,bisilu,https://replicate.delivery/yhqm/HcXG6sKRqSpfWq9RWU6U4NjqAfqzlRg3PJAUcY1N5Hbq3AjUA/out-0.png,https://upcdn.io/kW15bgo/raw/learnkannada/audio/slowly.wav,,,,,,
ಮಂಜು,fog,Weather,manju,https://replicate.delivery/yhqm/EdvApijbcvaKMNiNa2p9rezAE1HlZ30Nmco31MF2dbD3bgRKA/out-0.png,https://upcdn.io/kW15bgo/raw/learnkannada/audio/slowly.wav,,,,,,
ಬಿರುಗಾಳಿ,storm,Weather,birugaali,https://replicate.delivery/yhqm/xrfV6fyd9cshr0hH2JeedfYB3SR1P5VdKdhEfl4QMF8G9NwIF/out-0.png,https://upcdn.io/kW15bgo/raw/learnkannada/audio/slowly.wav,,,,,,
ಸಂತೋಷ,happy,Emotions,santhosha,https://replicate.delivery/yhqm/yk29PjAImdLOJRAFfiAsuCFTzYX6r1d69LM41BZcVqLe3AjUA/out-0.png,https://upcdn.io/kW15bgo/raw/learnkannada/audio/slowly.wav,,,,,,
ಬೇಸರ,sad,Emotions,besara,https://replicate.delivery/yhqm/W1OfmHeBHDsa3UQSAuCDdgkwtA8BI97Mge3viaXOCrCDwBGpA/out-0.png,https://upcdn.io/kW15bgo/raw/learnkannada/audio/slowly.wav,,,,,,
ಕೋಪ,angry,Emotions,kopa,https://replicate.delivery/yhqm/zwcHO78fgQRpbKWuwxOAlL39aR7Mf02WORnxqUYm511G4AjUA/out-0.png,https://upcdn.io/kW15bgo/raw/learnkannada/audio/slowly.wav,,,,,,
ಭಯ,scared,Emotions,bhaya,https://replicate.delivery/yhqm/Crqb5R2GAjbXNxPpweEN454kGOcwjOGfBxp90rMCoakL4AjUA/out-0.png,https://upcdn.io/kW15bgo/raw/learnkannada/audio/slowly.wav,,,,,,
ಆಶ್ಚರ್ಯ,surprised,Emotions,aashcharya,https://replicate.delivery/yhqm/JOOSZf1riNSQRi1F66kZDJMresINxIwZ4nXWGm1Q8cSP4AjUA/out-0.png,https://upcdn.io/kW15bgo/raw/learnkannada/audio/slowly.wav,,,,,,
ನಾಚಿಕೆ,shy,Emotions,naachike,https://replicate.delivery/yhqm/NrxGK36ld8JnJtHiwcs8ZKeXLiDwmq4kypyHaHNwIyNKcgRKA/out-0.png,https://upcdn.io/kW15bgo/raw/learnkannada/audio/slowly.wav,,,,,,
ಉತ್ಸಾಹ,excited,Emotions,uthsaaha,https://replicate.delivery/yhqm/a8pEtWp3SqLLJ1s7MzV7uJUNHGgDNzeHhNPIAHvdyTkMcgRKA/out-0.png,https://upcdn.io/kW15bgo/raw/learnkannada/audio/slowly.wav,,,,,,
ಮಂಪರು,sleepy,Emotions,mamparu,https://replicate.delivery/yhqm/lJqGoShNw0YdI9uXHGrCapfW2xZ9B0ys16SILkFl2GFPcgRKA/out-0.png,https://upcdn.io/kW15bgo/raw/learnkannada/audio/slowly.wav,,,,,,
ಹೆಮ್ಮೆ,proud,Emotions,hemme,https://replicate.delivery/yhqm/AQnrzeddKgWvCiGj7MBrpYpHc4f4Le6i869CU45Mwt8NxBGpA/out-0.png,https://upcdn.io/kW15bgo/raw/learnkannada/audio/slowly.wav,,,,,,
ಅಪ್ಪ,father,People,appa,https://upcdn.io/kW15bgo/raw/learnkannada/images/father.png,https://upcdn.io/kW15bgo/raw/learnkannada/audio/slowly.wav,,,,,,
ಅಮ್ಮ,mother,People,amma,https://replicate.delivery/yhqm/DjGE8JY9Ns5gP5BMa6PMcpQofSYmXyzF2Hgi5peTu2hK5AjUA/out-0.png,https://upcdn.io/kW15bgo/raw/learnkannada/audio/slowly.wav,,,,,,
ಸಹೋದರ,brother,People,sahodhara,https://replicate.delivery/yhqm/tzqw7bsevQRReEeUXEAUyDg5roGSkWXS07hxbxofVvd9kDMSB/out-0.png,https://upcdn.io/kW15bgo/raw/learnkannada/audio/slowly.wav,,,,,,
ಸಹೋದರಿ,sister,People,sahodhari,https://replicate.delivery/yhqm/j8e5Zdv6lVQ4X6aaEefSsdbIfBVSZ55fMUTLSn7sVglhKHYkC/out-0.png,https://upcdn.io/kW15bgo/raw/learnkannada/audio/slowly.wav,,,,,,
ಅತ್ತೆ,aunt,People,atthe,https://replicate.delivery/yhqm/GmH96Vf2lHx2DKmmnp0IlYKaulfa6venRNQtQel3otrplDMSB/out-0.png,https://upcdn.io/kW15bgo/raw/learnkannada/audio/slowly.wav,,,,,,
ಮಾವ,uncle,People,maava,https://replicate.delivery/yhqm/ifU3RnxOOfvHz0VeWIHvkR5s5fecWbtpZRZzoPHyyfIFYOwIF/out-0.png,https://upcdn.io/kW15bgo/raw/learnkannada/audio/slowly.wav,,,,,,
ಶಿಶು,baby,People,shishu,https://replicate.delivery/yhqm/DffsOiyZUEv490BEaqN5kosMflGtrs9adTPk7dpoyneVmDMSB/out-0.png,https://upcdn.io/kW15bgo/raw/learnkannada/audio/slowly.wav,,,,,,
ಮಗು,child,People,magu,https://replicate.delivery/yhqm/1vweEo5segqdZEzwnaa6YIbtbjpdqpDj9X8psJj92Oyq5AjUA/out-0.png,https://upcdn.io/kW15bgo/raw/learnkannada/audio/slowly.wav,,,,,,
ಗೆಳತಿ,friend,People,gelathi,https://replicate.delivery/yhqm/N0Kc3rp5nWqjJhE84myPAa8MdBETBIr9RLIoVuPuiQ4bOwIF/out-0.png,https://upcdn.io/kW15bgo/raw/learnkannada/audio/slowly.wav,,,,,,
ಜಿಗಿ,jump,Verbs,jigi,https://replicate.delivery/yhqm/ZAIO4rOGlW6KC1I6iIVcfeRUwmXWa7OTvLemJODdr5KozBGpA/out-0.png,https://upcdn.io/kW15bgo/raw/learnkannada/audio/slowly.wav,,,,,,
ಹತ್ತು,climb,Verbs,hatthu,https://replicate.delivery/yhqm/tso7o6B2rfSbASzv2QUuSvDJ9Xpr9AlOHPoqYn0pYAj8cgRKA/out-0.png,https://upcdn.io/kW15bgo/raw/learnkannada/audio/slowly.wav,,,,,,
ತೊಳೆ,wash,Verbs,thole,https://replicate.delivery/yhqm/O78UDpeuvjQ0KyNuqcFHTH3L0HiggipIwLKk2dgEscgf5AjUA/out-0.png,https://upcdn.io/kW15bgo/raw/learnkannada/audio/slowly.wav,,,,,,
ಗುಡಿಸು,sweep,Verbs,gudisu,https://replicate.delivery/yhqm/ymFInOtKBs7oCldB7EftqfW0FzxpFjcNEESYB0GLhvsD6AjUA/out-0.png,https://upcdn.io/kW15bgo/raw/learnkannada/audio/slowly.wav,,,,,,
ಅಡುಗೆ ಮಾಡು,cook,Verbs,aduge maadu,https://replicate.delivery/yhqm/Q0ZPYYgLAGKrN9d6zEO2zEatJmeC6zkPfl9AmjsdDFaI6AjUA/out-0.png,https://upcdn.io/kW15bgo/raw/learnkannada/audio/slowly.wav,,,,,,
ಮಲಗು,sleep,Verbs,malagu,https://replicate.delivery/yhqm/e1t3qfju0irvokbVcNnsuYtnYeclflHrxc8dBemvL5rgRHYkC/out-0.png,https://upcdn.io/kW15bgo/raw/learnkannada/audio/slowly.wav,,,,,,
ಎದ್ದೇಳು,wake,Verbs,eddhelu,https://replicate.delivery/yhqm/xu7AuyhoYqJ2NdsewICFilDRHBNMUi0MGH5FAOs9YfQR6AjUA/out-0.png,https://upcdn.io/kW15bgo/raw/learnkannada/audio/slowly.wav,,,,,,
ಕರೆ ಮಾಡು,call,Verbs,kare maadu,https://replicate.delivery/yhqm/sUJF0EkBwabDPlaE6t7i96cBr1EKdRIe0uubNkd5f3XX6AjUA/out-0.png,https://upcdn.io/kW15bgo/raw/learnkannada/audio/slowly.wav,,,,,,
ಕುಣಿದಾಡು,dance,Verbs,kunidaadu,https://replicate.delivery/yhqm/cbCFyImwCJovCZ3bzk5fjUS7KLUS1ye09Q2zM8AZEzKd6AjUA/out-0.png,https://upcdn.io/kW15bgo/raw/learnkannada/audio/slowly.wav,,,,,,
ತೆರೆ,open,Verbs,there,https://replicate.delivery/yhqm/6XeUNnHBCUwbQaOHehugGBJeJ9Djz62Ve5DCR1pP1sRKqDMSB/out-0.png,https://upcdn.io/kW15bgo/raw/learnkannada/audio/slowly.wav,,,,,,
ನಗು,laugh,Verbs,nagu,https://replicate.delivery/yhqm/4rAKwRO5aOJEHdgSccWK0wCtVhMQCrgCNK6kL9exCosTdgRKA/out-0.png,https://upcdn.io/kW15bgo/raw/learnkannada/audio/slowly.wav,,,,,,
ಕತ್ತರಿಸು,cut,Verbs,kattharisu,https://replicate.delivery/yhqm/OZocNWYXI26rLRnWMb3pYjPy0kG8jeQzE8iZ6c3fkKSs6AjUA/out-0.png,https://upcdn.io/kW15bgo/raw/learnkannada/audio/slowly.wav,,,,,,
ಎಸೆಯುವುದು,throw,Verbs,eseyuvudhu,https://replicate.delivery/yhqm/sHtzOlFXVH5cNZaIwG8a4x7FtmGgpVaCUIwjZIEN48VsOwIF/out-0.png,https://upcdn.io/kW15bgo/raw/learnkannada/audio/slowly.wav,,,,,,
ಹಿಡಿ,catch,Verbs,hidi,https://replicate.delivery/yhqm/nMu72oQ2yoI6Exo4yQMaG7YpTMWqXqfl1KeTXbdKwRJ26AjUA/out-0.png,https://upcdn.io/kW15bgo/raw/learnkannada/audio/slowly.wav,,,,,,
ಸುರಿ,pour,Verbs,suri,https://replicate.delivery/yhqm/dJQ4KWAkypoOJ1BMgfsGIHgUurjfeq5JfKflZCmkXK9QXHYkC/out-0.png,https://upcdn.io/kW15bgo/raw/learnkannada/audio/slowly.wav,,,,,,
ಹಬ್ಬ,festival,Culture,habba,https://replicate.delivery/yhqm/nwpgjMe9cWQAMiN1i13yNK8hgf7FqNMv1UxxqAcz2BYA7AjUA/out-0.png,https://upcdn.io/kW15bgo/raw/learnkannada/audio/slowly.wav,,,,,,
ಗುಡಿ,temple,Culture,gudi,https://replicate.delivery/yhqm/GqFAT9uqRda4C5Wy1cf12fuwc4xn4g2hiWBAgFnxQBMF7AjUA/out-0.png,https://upcdn.io/kW15bgo/raw/learnkannada/audio/slowly.wav,,,,,,
ದೀಪ,lamp,Culture,dheepa,https://replicate.delivery/yhqm/A1VSxIgqGe1CVq7fx0GwwhPy4itlddvsmBhrn7XCrJ7K7AjUA/out-0.png,https://upcdn.io/kW15bgo/raw/learnkannada/audio/slowly.wav,,,,,,
ರಂಗೋಲಿ,rangoli,Culture,rangoli,https://replicate.delivery/yhqm/piRDuLu4zCZaMdSso5tu6peefvxahOVW1DVFmWikK92esDMSB/out-0.png,https://upcdn.io/kW15bgo/raw/learnkannada/audio/slowly.wav,,,,,,
ಹೂಮಾಲೆ,garland,Culture,hoomaale,https://replicate.delivery/yhqm/FfdsjfefVefYnCZRwqFv6Py25RzZteUMdTjsbTBptnIKqdgRKA/out-0.png,https://upcdn.io/kW15bgo/raw/learnkannada/audio/slowly.wav,,,,,,
ಅಗರಬತ್ತಿ,incense,Culture,agarabatthi,https://replicate.delivery/yhqm/Dtuo4HFm9FJSEtY7g1H94EOEmgtfd5Wc9jjOQeBnPV4Z7AjUA/out-0.png,https://upcdn.io/kW15bgo/raw/learnkannada/audio/slowly.wav,,,,,,
ದೇವರು,god,Culture,dhevaru,https://replicate.delivery/yhqm/YYfEGeiwnfN1sp0c3WUr8XNqlminnozA4RSifeSrbz6zbHYkC/out-0.png,https://upcdn.io/kW15bgo/raw/learnkannada/audio/slowly.wav,,,,,,
ದೇವತೆ,goddess,Culture,dhevathe,https://replicate.delivery/yhqm/BZlYN1FtyrJBHRIoZX8TtW1u0vieRX8iy7csZocP9QwxdgRKA/out-0.png,https://upcdn.io/kW15bgo/raw/learnkannada/audio/slowly.wav,,,,,,
ಪ್ರಾರ್ಥನೆ,prayer,Culture,praarthane,https://replicate.delivery/yhqm/oXfYhvT9BUVENahWM22Dmlj4ajFt37i2NMGh6SxDRmB0dgRKA/out-0.png,https://upcdn.io/kW15bgo/raw/learnkannada/audio/slowly.wav,,,,,,
ಕಾಣಿಕೆ,offering,Culture,kaanike,https://replicate.delivery/yhqm/yqduXfhO14zhHygDVMDW4zqP2NB08ZefvfAkNYN7fKeV7OwIF/out-0.png,https://upcdn.io/kW15bgo/raw/learnkannada/audio/slowly.wav,,,,,,
ಗದ್ದೆ,field,Nature,gaddhe,https://replicate.delivery/yhqm/P9Egy1FBH7abO5WBYXik8UuikqDLJEavkGXt9BC3vfey7AjUA/out-0.png,https://upcdn.io/kW15bgo/raw/learnkannada/audio/slowly.wav,,,,,,
ತೋಟ,farm,Nature,thota,https://replicate.delivery/yhqm/IfDf6olAGup870XT9Jc5oWjKh3W7HfRtFj0el1MHnRe9eOwIF/out-0.png,https://upcdn.io/kW15bgo/raw/learnkannada/audio/slowly.wav,,,,,,
ಕಾಡು,forest,Nature,kaadu,https://replicate.delivery/yhqm/2g2du2JVr0bANNfhAqAftxnnXo07LyjWgGFuGve2ynD23BGpA/out-0.png,https://upcdn.io/kW15bgo/raw/learnkannada/audio/slowly.wav,,,,,,
ಮರುಭೂಮಿ,desert,Nature,marubhoomi,https://replicate.delivery/yhqm/NetbAs26lSVAQqwXTnq5bTYyfTLHDJE6jrNa3Wrpl95A8AjUA/out-0.png,https://upcdn.io/kW15bgo/raw/learnkannada/audio/slowly.wav,,,,,,
ಕಡಲತೀರ,beach,Nature,kadalatheera,https://replicate.delivery/yhqm/FYESdraAa14UMBwg4UsKlRb862LaJ8SYcpc7JHTiP4jBPwIF/out-0.png,https://upcdn.io/kW15bgo/raw/learnkannada/audio/slowly.wav,,,,,,
ಮರಳು,sand,Nature,maralu,https://replicate.delivery/yhqm/SgYjKGC5Zn7lLxhXbt8CFN17B03zAamRD76kS9wTTCvCPwIF/out-0.png,https://upcdn.io/kW15bgo/raw/learnkannada/audio/slowly.wav,,,,,,
ಮಣ್ಣು,mud,Nature,mannu,https://replicate.delivery/yhqm/jV2VsNrbov5UAxTkZueq6pYv5HCPQZUbxkOS3PU5L5pHeAjUA/out-0.png,https://upcdn.io/kW15bgo/raw/learnkannada/audio/slowly.wav,,,,,,
ಹುಲ್ಲು,grass,Nature,hullu,https://replicate.delivery/yhqm/3Nsi0DQettXDdik8yeUZPAhD0G5Ay5t0f1bhHpxBskWp4BGpA/out-0.png,https://upcdn.io/kW15bgo/raw/learnkannada/audio/slowly.wav,,,,,,
ಜಲಪಾತ,waterfall,Nature,jalapaatha,https://replicate.delivery/yhqm/Fe69QWMSpfpWWEZSyQACnBWhbBi3HdJAbrdDVnWoduiZ8AjUA/out-0.png,https://upcdn.io/kW15bgo/raw/learnkannada/audio/slowly.wav,,,,,,
ಸೂರ್ಯೋದಯ,sunrise,Nature,sooryodhaya,https://replicate.delivery/yhqm/nvuhyLY7Bn6GPVqWaKGm3npxnQTcXn9NN8mks7ZVYUdHPwIF/out-0.png,https://upcdn.io/kW15bgo/raw/learnkannada/audio/slowly.wav,,,,,,